{"cameraMode":{"drawMode":0,"name":"Shaded","section":"Shading Mode"},"sceneLighting":true,"audioPlay":false,"sceneViewState":{"showFog":true,"showMaterialUpdate":false,"showSkybox":true,"showFlares":true,"showImageEffects":true,"showParticleSystems":true},"in2DMode":false,"pivot":{"x":-2.680227279663086,"y":-0.9500699043273926,"z":0.839085578918457},"rotation":{"x":-0.2240268588066101,"y":0.7422637343406677,"z":-0.29889044165611269,"w":-0.5563475489616394},"size":16.772167205810548,"orthographic":false}